Workbook

Sheet A.TONG-DU-TOAN
B2: TỔNG HỢP DỰ TOÁN
B3: Dự án: …………………
B4: STT | C4: Danh mục chi phí | D4: Giá trị sau thuế | E4: Ghi chú
B5: I | C5: Chi phí trang thiết bị | D5: ='B. CHI TIET TDT '!I7 -> 9625361872
B6: II | C6: Chi phí quản lý dự án | D6: ='B. CHI TIET TDT '!I15 -> 270900000
B7: III | C7: Chi phí tư vấn đầu tư ƯDCNTT | D7: ='B. CHI TIET TDT '!I16 -> 566900000
B8: IV | C8: Chi phí khác | D8: ='B. CHI TIET TDT '!I23 -> 498662957
B9: V | C9: Chi phí dự phòng | D9: ='B. CHI TIET TDT '!I26 -> 5.3817517e+08
C10: TỔNG CỘNG | D10: =SUBTOTAL(9,D5:D9) -> 11500000000

Sheet B. CHI TIET TDT 
B1: BẢNG CHI TIẾT DỰ TOÁN
B2: Dự án: …………………
B5: STT | C5: Danh mục chi phí | D5: Định mức | E5: Giá trị tính định mức | F5: Ký hiệu | G5: Chi phí trước thuế | H5: Thuế VAT | I5: Chi phí sau thuế | J5: Căn cứ
B6: [1] | C6: [2] | D6: [3] | G6: [4] | H6: [5] | I6: [6] | J6: [7]
B7: I | C7: Chi phí trang thiết bị | F7: GTB | G7: =SUBTOTAL(9,G8:G14) -> 9545364696 | H7: =SUBTOTAL(9,H8:H14) -> 79997176 | I7: =SUBTOTAL(9,I8:I14) -> 9625361872
B8: 2 | C8: Hạng mục phần mềm nội bộ, cơ sở dữ liệu | F8: GPM | G8: =SUBTOTAL(9,G9:G14) -> 9545364696 | H8: =SUBTOTAL(9,H9:H14) -> 79997176 | I8: =SUBTOTAL(9,I9:I14) -> 9625361872
B9: 2.1 | C9: Phần mềm nội bộ | F9: GPMNB | G9: =SUBTOTAL(9,G10:G10) -> 8530950000 | H9: =SUBTOTAL(9,H10:H10) -> 0 | I9: =SUBTOTAL(9,I10:I10) -> 8530950000 | J9: Báo giá, căn cứ theo điểm a, khoản 4 Điều 16 Nghị định 224/2026/NĐ-CP ngày 24/6/2026 của Chính phủ Khoản 3, Điều 4 Thông tư 39/2026/TT-BKHCN ngày 01/7/2026 của Bộ Khoa học và Công nghệ
C10: Xây dựng hệ thống thông tin dữ liệu ngành công thương | G10: ='1. CP TV (BG)'!F16 -> 8530950000 | H10: 0 | I10: =SUM(G10:H10) -> 8530950000
B11: 2.2 | C11: Số hóa, nhập dữ liệu | G11: =SUBTOTAL(9,G12:G12) -> 999964696 | H11: =SUBTOTAL(9,H12:H12) -> 79997176 | I11: =SUBTOTAL(9,I12:I12) -> 1079961872
C12: Chuẩn hóa, tạo lập và chuyển đổi cơ sở dữ liệu | G12: =ROUND('1. CP TV (BG)'!F17/1.08,0) -> 999964696 | H12: =ROUND(G12*8%,) -> 79997176 | I12: =SUM(G12:H12) -> 1079961872
B13: 2.3 | C13: Đào tạo, chuyển giao công nghệ phần mềm nội bộ, CSDL | F13: GĐTPM,CSDL | G13: =SUBTOTAL(9,G14:G14) -> 14450000 | H13: =SUBTOTAL(9,H14:H14) -> 0 | I13: =SUBTOTAL(9,I14:I14) -> 14450000
C14: Chi phí đào tạo, chuyển giao công nghệ | G14: ='1. CP TV (BG)'!F18 -> 14450000 | H14: 0 | I14: =SUM(G14:H14) -> 14450000
B15: II | C15: Chi phí quản lý dự án | F15: GQLDA | G15: =ROUND('1. CP TV (BG)'!E3/1.08,0) -> 250833333 | H15: =ROUND(G15*8%,0) -> 20066667 | I15: =SUM(G15:H15) -> 270900000 | J15: Báo giá, căn cứ theo điểm a, khoản 4 Điều 16 Nghị định 224/2026/NĐ-CP ngày 24/6/2026 của Chính phủ Khoản 3, Điều 4 Thông tư 39/2026/TT-BKHCN ngày 01/7/2026 của Bộ Khoa học và Công nghệ
B16: III | C16: Chi phí tư vấn | F16: GTV | G16: =SUBTOTAL(9,G17:G22) -> 524907407 | H16: =SUBTOTAL(9,H17:H22) -> 41992593 | I16: =SUBTOTAL(9,I17:I22) -> 566900000 | J16: Báo giá, căn cứ theo điểm a, khoản 4 Điều 16 Nghị định 224/2026/NĐ-CP ngày 24/6/2026 của Chính phủ Khoản 3, Điều 4 Thông tư 39/2026/TT-BKHCN ngày 01/7/2026 của Bộ Khoa học và Công nghệ
B17: 1 | C17: Lập Báo cáo kinh tế - kỹ thuật | F17: GTV1 | G17: =ROUND('1. CP TV (BG)'!E4/1.08,0) -> 503981481 | H17: =ROUNDUP(G17*8%,0) -> 40318519 | I17: =SUM(G17:H17) -> 544300000
B18: 2 | C18: Thẩm tra Báo cáo kinh tế - kỹ thuật | F18: GTV2 | G18: =ROUND('1. CP TV (BG)'!E5/1.08,0) -> 20925926 | H18: =ROUND(G18*8%,0) -> 1674074 | I18: =SUM(G18:H18) -> 22600000
B22: 4.1 | C22: Gói thầu chính | H22: =ROUND(G22*8%,0) -> 0 | I22: =SUM(G22:H22) -> 0
B23: IV | C23: Chi phí khác | F23: GK | G23: =SUBTOTAL(9,G24:G25) -> 493317553 | H23: =SUBTOTAL(9,H24:H25) -> 5345404 | I23: =SUBTOTAL(9,I24:I25) -> 498662957
B24: 1 | C24: Chi phí Thẩm định giá | D24: 0.007 | E24: =G7 -> 9545364696 | G24: =ROUND(D24*E24,0) -> 66817553 | H24: =ROUND(G24*8%,0) -> 5345404 | I24: =SUM(G24:H24) -> 72162957 | J24: Báo giá, căn cứ theo điểm a, khoản 4 Điều 16 Nghị định 224/2026/NĐ-CP ngày 24/6/2026 của Chính phủ Khoản 3, Điều 4 Thông tư 39/2026/TT-BKHCN ngày 01/7/2026 của Bộ Khoa học và Công nghệ
B25: 2 | C25: Chi phí kiểm thử độc lập | F25: GKT | G25: ='1. CP TV (BG)'!E6 -> 426500000 | H25: =ROUND(G25*0,0) -> 0 | I25: =SUM(G25:H25) -> 426500000 | J25: Báo giá, căn cứ theo điểm a, khoản 4 Điều 16 Nghị định 224/2026/NĐ-CP ngày 24/6/2026 của Chính phủ Khoản 3, Điều 4 Thông tư 39/2026/TT-BKHCN ngày 01/7/2026 của Bộ Khoa học và Công nghệ
B26: V | C26: Chi phí dự phòng | D26: =I31 -> 0.0490954 | E26: =I30 -> 10961824829 | F26: = (Gtb + Gqlda + Gtv + Gk) x KDP | G26: =D26*E26 -> 5.3817517e+08 | H26: =G26*0 -> 0 | I26: =SUM(G26:H26) -> 5.3817517e+08 | J26: Tối đa 10% theo quy định tại khoản 5, Điều 5 của Thông tư 39/2026/TT-BKHCN ngày 01/7/2026 của Bộ Khoa học và Công nghệ
C27: Tổng mức đầu tư | F27: GTMĐT | G27: =SUBTOTAL(9,G7:G26) -> 11352598160 | H27: =ROUND(SUBTOTAL(9,H7:H26),0) -> 147401840 | I27: =SUBTOTAL(9,I7:I26) -> 11500000000
H29: TMĐT | I29: 11500000000 | J29: Giá trị được phê duyệt trong CTĐT
H30: (Gxl+Gtb+Gqlda+Gtv+Gk) | I30: =I7+I15+I16+I23 -> 10961824829
H31: Kdp | I31: =(I29/I30)-1 -> 0.0490954
I34: =I23+I16+I15 -> 1336462957
I35: =I34/I27 -> 0.11621417

Sheet 1. CP TV (BG)
A1: STT | B1: Danh mục chi phí | C1: Giá trị sau thuế theo báo giá của các đơn vị tư vấn | E1: Giá trị sau thuế thấp nhất lựa chọn lập dự toán
C2: Đơn vị 1 | D2: Đơn vị 2
A3: 1 | B3: ='[1]B. CHI TIET TDT (1688 1,5)'!C35 -> Chi phí quản lý dự án | C3: 271600000 | D3: 270900000 | E3: =ROUND(MIN(C3:D3),0) -> 270900000
A4: 2 | B4: ='[1]B. CHI TIET TDT (1688 1,5)'!C41 -> Lập Báo cáo kinh tế - kỹ thuật | C4: 544300000 | D4: 550000000 | E4: =ROUND(MIN(C4:D4),0) -> 544300000
A5: 3 | B5: ='[1]B. CHI TIET TDT (1688 1,5)'!C44 -> Thẩm tra Báo cáo kinh tế - kỹ thuật | C5: 23400000 | D5: 22600000 | E5: =ROUND(MIN(C5:D5),0) -> 22600000
A6: 4 | B6: ='[1]B. CHI TIET TDT (1688 1,5)'!C89 -> Kiểm thử độc lập | C6: 426500000 | D6: 430000000 | E6: =ROUND(MIN(C6:D6),0) -> 426500000
B7: TỔNG CỘNG | C7: =SUBTOTAL(9,C3:C6) -> 1265800000 | D7: =SUBTOTAL(9,D3:D6) -> 1273500000 | E7: =SUBTOTAL(9,E3:E6) -> 1264300000
A9: Ghi chú:
B10: - Đơn vị 1: Công ty TNHH Tư vấn Đầu tư TFC Việt Nam
B11: - Đơn vị 2: Công ty Cổ phần Phát triển Viễn thông
A14: STT | B14: Danh mục chi phí | C14: Giá trị sau thuế theo báo giá của các đơn vị tư vấn | F14: Giá trị sau thuế thấp nhất lựa chọn lập dự toán
C15: Đơn vị 1 | D15: Đơn vị 2 | E15: Đơn vị 3
A16: 1 | B16: Xây dựng HTTT dữ liệu ngành Công Thương | C16: 8630500000 | D16: 8550950000 | E16: 8530950000 | F16: =MIN(C16:E16) -> 8530950000
A17: 2 | B17: Chuẩn hóa, tạo lập và chuyển đổi CSDL | C17: 1179961872 | D17: 1089961872 | E17: 1079961872 | F17: =MIN(C17:E17) -> 1079961872
A18: 3 | B18: Đào tạo HDSD | C18: 85450000 | D18: 50450000 | E18: 14450000 | F18: =MIN(C18:E18) -> 14450000
