Workbook

Sheet Phân kỳ nguồn vốn
A1: PHÂN KỲ NGUỒN VỐN TRIỂN KHAI DỰ ÁN CSDL CHUYÊN NGÀNH GIAO THÔNG VÀ NÔNG NGHIỆP
A3: TT | B3: NỘI DUNG | C3: Ký hiệu | D3: Cách tính | E3: Giá trị sau thuế GTGT | F3: Phân kỳ nguồn vốn
F4: Năm 2026 | G4: Năm 2027
A5: I | B5: CHI PHÍ THIẾT BỊ | C5: GTB
A6: 1 | B6: Xây dựng CSDL chuyên ngành Giao Thông và Nông Nghiệp | C6: GCSDL | D6: Theo báo giá | E6: 7753318388 | F6: 3500000000 | G6: =E6-F6 -> 4253318388
A7: 1.1 | B7: Chi phí xây dựng phần mềm nội bộ | C7: Gpm | D7: Theo báo giá | E7: 2177266998
A8: 1.2 | B8: Chi phí Số hoá | C8: GSH | D8: Theo báo giá | E8: 5245375320
A9: 1.3 | B9: Chi phí tạo lập CSDL | C9: GTL | D9: Theo báo giá | E9: 330676069
A10: II | B10: CHI PHÍ QUẢN LÝ DỰ ÁN | C10: GQLDA | E10: 176066598 | F10: 88000000 | G10: =E10-F10 -> 88066598
A11: 1 | B11: Chi phí quản lý hạng mục hạ tầng kỹ thuật | C11: Gthqlda | D11: 2,644%*Ghtkt*0,84 | E11: 176066598
A12: III | B12: CHI PHÍ TƯ VẤN | C12: GTV | D12: GTV1+...+GTV4 | E12: 218888084 | F12: =SUM(F13:F20) -> 1.8996864e+08 | G12: =G20 -> 28919448
A13: 1 | B13: Chi phí Khảo sát và lập báo cáo kinh tế kỹ thuật | C13: GTV1 | D13: Ghtkt*0,992%*1,65 | E13: 1.2975732e+08 | F13: 1.2975732e+08
A14: 2 | B14: Chi phí lập HSMT, đánh giá hồ sơ dự thầu | C14: GTV2 | D14: GTV2.1 + GTV2.2 | E14: 20557896 | F14: 20557896
A15: 2.1 | B15: Chi phí lập HSMT | C15: GTV2.1 | D15: 0,2%*Gtb | E15: 15854999
A16: 2.2 | B16: Chi phí đánh giá HSMT | C16: GTV2.2 | D16: 0,2%*Gtb | E16: 4702896.7
A17: 3 | B17: Chi phí thẩm tra báo cáo kinh tế kỹ thuật | C17: GTV3 | D17: GTV3.1 + GTV3.2 | E17: 11653425 | F17: 11653425
A18: 3.1 | B18: Chi phí thẩm tra thiết kế chi tiết | C18: GTV3.1 | D18: Gtb x 0,087% x 70% | E18: 5826712.3
A19: 3.2 | B19: Chi phí thẩm tra dự toán | C19: GTV3.2 | D19: Gtb x 0,078% x 70% | E19: 5826712.3
A20: 4 | B20: Chi phí giám sát thi công | C20: GTV4 | D20: GTB*0,718% | E20: 56919448 | F20: 28000000 | G20: =E20-F20 -> 28919448
A21: IV | B21: CHI PHÍ KHÁC | C21: GK | D21: GK1+...+GK4 | E21: 1.2669291e+08 | F21: =SUM(F22:F24) -> 84853330 | G21: =G25 -> 41839582
A22: 1 | B22: Chi phí thẩm định hồ sơ mời thầu | C22: Gk1 | D22: 0,1%*Gtb | E22: 7927499.7 | F22: 7927499.7
A23: 2 | B23: Chi phí thẩm định kết quả lựa chọn nhà thầu | C23: Gk2 | D23: 0,1%*Gtb | E23: 7927499.7 | F23: 7927499.7
A24: 3 | B24: Chi phí thẩm định giá | C24: Gk3 | D24: Theo báo giá | E24: 68998331 | F24: 68998331
A25: 4 | B25: Chi phí thẩm tra, phê duyệt quyết toán | C25: Gk4 | D25: 0,57% x TMĐT | E25: 41839582 | G25: 41839582
A26: V | B26: CHI PHÍ DỰ PHÒNG | C26: GDP | D26: Tối đa 5% * TMĐT | E26: 315377979 | G26: 315377979
B27: TỔNG CỘNG | C27: TDT | D27: I+II+III+IV+V | E27: 8590343962 | F27: =F21+F12+F10+F6 -> 3.862822e+09 | G27: =G26+G21+G12+G10+G6 -> 4.727522e+09

Sheet Dự toán đầu tư chi tiết
A1: BẢNG TỔNG HỢP DỰ TOÁN TỔNG MỨC ĐẦU TƯ TRUYỀN THANH THÔNG MINH XÃ CÀ NÁ
A3: TT | B3: NỘI DUNG | C3: Ký hiệu | D3: Cách tính | E3: Thành tiền | H3: Ghi chú
E4: Giá trị trước thuế GTGT | F4: Thuế GTGT | G4: Giá trị sau thuế GTGT
A5: I | B5: CHI PHÍ THIẾT BỊ | C5: GTB | E5: =E6 -> 7.3402775e+09 | F5: =F6 -> 4.1304084e+08 | G5: =E5+F5 -> 7.7533184e+09
A6: 1 | B6: Xây dựng CSDL chuyên ngành Giao Thông và Nông Nghiệp | C6: GCSDL | D6: Theo báo giá | E6: =SUM(E7:E9) -> 7.3402775e+09 | F6: =SUM(F7:F9) -> 4.1304084e+08 | G6: =SUM(G7:G9) -> 7.7533184e+09
A7: 1.1 | B7: Chi phí xây dựng phần mềm nội bộ | C7: Gpm | D7: Theo báo giá | E7: ='Chi phí phần mềm'!D8 -> 2.177267e+09 | G7: =E7+F7 -> 2.177267e+09 | H7: Phần mềm không chịu thuế
A8: 1.2 | B8: Chi phí Số hoá | C8: GSH | D8: Theo báo giá | E8: ='Chi phí số hóa'!F8 -> 4856829000 | F8: =E8*8% -> 388546320 | G8: =E8+F8 -> 5245375320 | H8: Bảng dự toán chi tiết
A9: 1.3 | B9: Chi phí tạo lập CSDL | C9: GTL | D9: Theo báo giá | E9: ='Chi phí tạo lập dự liệu'!K36 -> 3.0618155e+08 | F9: =E9*8% -> 24494524 | G9: =E9+F9 -> 3.3067607e+08 | H9: Bảng dự toán chi tiết
A10: II | B10: CHI PHÍ QUẢN LÝ DỰ ÁN | C10: GQLDA | E10: =SUM(E11:E11) -> 1.6302463e+08 | F10: =SUM(F11:F11) -> 13041970 | G10: =SUM(G11:G11) -> 1.760666e+08
A11: 1 | B11: Chi phí quản lý hạng mục hạ tầng kỹ thuật | C11: Gthqlda | D11: 2,644%*Ghtkt*0,84 | E11: =(E6*2.644%)*0.84 -> 1.6302463e+08 | F11: =E11*8% -> 13041970 | G11: =E11+F11 -> 1.760666e+08 | H11: Bảng số 1 theo Quyết định số 1688/QĐ-BTTTT
A12: III | B12: CHI PHÍ TƯ VẤN | C12: GTV | D12: GTV1+...+GTV4 | E12: =E13+E14+E17+E20 -> 2.0267415e+08 | F12: =F13+F14+F17+F20 -> 16213932 | G12: =E12+F12 -> 2.1888808e+08
A13: 1 | B13: Chi phí Khảo sát và lập báo cáo kinh tế kỹ thuật | C13: GTV1 | D13: Ghtkt*0,992%*1,65 | E13: =IF(E6*0.992%*1.65>10000000,E6*0.992%*1.65,10000000) -> 1.2014566e+08 | F13: =ROUND(E13*8%,0) -> 9611653 | G13: =E13+F13 -> 1.2975732e+08 | H13: Bảng số 2 - Quyết định số 1688/QĐ-BTTTT Tối thiểu không nhỏ hơn 10.000.000
A14: 2 | B14: Chi phí lập HSMT, đánh giá hồ sơ dự thầu | C14: GTV2 | D14: GTV2.1 + GTV2.2 | E14: =E15+E16 -> 19035089 | F14: =ROUND(E14*8%,0) -> 1522807 | G14: =E14+F14 -> 20557896
A15: 2.1 | B15: Chi phí lập HSMT | C15: GTV2.1 | D15: 0,2%*Gtb | E15: =IF(E6*0.2%>3000000,E6*0.2%,3000000) -> 14680555 | F15: =E15*8% -> 1174444.4 | G15: =E15+F15 -> 15854999 | H15: Theo Điều 12 NĐ 214/2025 Tối thiểu không nhỏ hơn 3.000.000 đồng
A16: 2.2 | B16: Chi phí đánh giá HSMT | C16: GTV2.2 | D16: 0,2%*Gtb | E16: =IF(E7*0.2%>3000000,E7*0.2%,3000000) -> 4354534 | F16: =E16*8% -> 348362.72 | G16: =E16+F16 -> 4702896.7 | H16: Theo Điều 12 NĐ 214/2025 Tối thiểu không nhỏ hơn 3.000.000 đồng
A17: 3 | B17: Chi phí thẩm tra báo cáo kinh tế kỹ thuật | C17: GTV3 | D17: GTV3.1 + GTV3.2 | E17: =SUM(E18:E19) -> 10790208 | F17: =SUM(F18:F19) -> 863216.64 | G17: =E17+F17 -> 11653425
A18: 3.1 | B18: Chi phí thẩm tra thiết kế chi tiết | C18: GTV3.1 | D18: Gtb x 0,087% x 70% | E18: =IF(E5*0.087%*40%>2000000,E5*0.105%*70%,2000000) -> 5395104 | F18: =E18*8% -> 431608.32 | G18: =E18+F18 -> 5826712.3 | H18: Quyết định số 1688/QĐ-BTTTT - Bảng số 4 Tối thiểu không nhỏ hơn 2.000.000 đồng
A19: 3.2 | B19: Chi phí thẩm tra dự toán | C19: GTV3.2 | D19: Gtb x 0,078% x 70% | E19: =IF(E5*0.078%*40%>2000000,E5*0.105%*70%,2000000) -> 5395104 | F19: =E19*8% -> 431608.32 | G19: =E19+F19 -> 5826712.3 | H19: Quyết định số 1688/QĐ-BTTTT - Bảng số 5 Tối thiểu không nhỏ hơn 2.000.000 đồng
A20: 4 | B20: Chi phí giám sát thi công | C20: GTV4 | D20: GTB*0,718% | E20: =IF(E5*0.718%>10000000,E5*0.718%,10000000) -> 52703193 | F20: =ROUND(E20*8%,0) -> 4216255 | G20: =E20+F20 -> 56919448 | H20: Quyết định số 1688/QĐ-BTTTT - Bảng số 9 (tối thiểu không nhỏ hơn 10.000.000 đồng
A21: IV | B21: CHI PHÍ KHÁC | C21: GK | D21: GK1+...+GK4 | E21: =SUM(E22:E25) -> 1.2040748e+08 | F21: =SUM(F22:F25) -> 6285431.9 | G21: =E21+F21 -> 1.2669291e+08
A22: 1 | B22: Chi phí thẩm định hồ sơ mời thầu | C22: Gk1 | D22: 0,1%*Gtb | E22: =IF((0.001*E5)<2000000,2000000,0.001*E5) -> 7340277.5 | F22: =E22*8% -> 587222.2 | G22: =E22+F22 -> 7927499.7 | H22: Điều 14, NĐ 214/2025/NĐ-CP tối thiểu là 2,000,000 đồng
A23: 2 | B23: Chi phí thẩm định kết quả lựa chọn nhà thầu | C23: Gk2 | D23: 0,1%*Gtb | E23: =IF((0.001*E5)<3000000,3000000,0.001*E5) -> 7340277.5 | F23: =E23*8% -> 587222.2 | G23: =E23+F23 -> 7927499.7 | H23: Điều 14, NĐ 214/2024/NĐ-CP tối thiểu là 3,000,000 đồng
A24: 3 | B24: Chi phí thẩm định giá | C24: Gk3 | D24: Theo báo giá | E24: ='Biểu phí TĐG'!C18 -> 63887344 | F24: =E24*8% -> 5110987.5 | G24: =E24+F24 -> 68998331 | H24: Theo biểu giá Công ty TĐG
A25: 4 | B25: Chi phí thẩm tra, phê duyệt quyết toán | C25: Gk4 | D25: 0,57% x TMĐT | E25: =0.57%*$E$5 -> 41839582 | G25: =E25+F25 -> 41839582 | H25: Theo Điều 46 Nghị định 254/2025/NĐ-CP
A26: V | B26: CHI PHÍ DỰ PHÒNG | C26: GDP | D26: Tối đa 5% * TMĐT | E26: 3.1537798e+08 | G26: 3.1537798e+08
B27: TỔNG CỘNG | C27: TDT | D27: I+II+III+IV+V | E27: =E21+E10+E12+E5+E26 -> 8.1417618e+09 | F27: =F21+F10+F12+F5+F26 -> 4.4858218e+08 | G27: =G21+G10+G12+G5+G26 -> 8590343962

Sheet Chi phí phần mềm
A2: DỰ TOÁN CHI PHÍ PHẦN MỀM NỘI BỘ
D3: (Đơn vị tính: VNĐ)
A4: STT | B4: Khoản mục chi phí | C4: Cách tính | D4: Giá trị | E4: Ký hiệu
A5: 1 | B5: Chi phí trực tiếp xây dựng, phát triển, nâng cấp, mở rộng phần mềm nội bộ | C5: 1,4 x E x P x H | D5: 1.2448639e+09 | E5: G | F5: QĐ 671/QĐ-BTTTT ngày 26/04/2024
A6: 2 | B6: Chi phí chung | C6: G x 65% | D6: 8.0916155e+08 | E6: C
A7: 3 | B7: Thu nhập chịu thuế tính trước | C7: (G+C) x 6% | D7: 1.2324153e+08 | E7: TL
B8: TỔNG CỘNG: | C8: G + C + TL | D8: =SUM(D5:D7) -> 2.177267e+09

Sheet Chi phí số hóa
A1: DỰ TOÁN KINH PHÍ SỐ HOÁ TÀI LIỆU NĂM 2026
A2: (Kèm theo Quyết định số /QĐ-UBND ngày /4/2026 của ...)
A4: TT | B4: Nội dung công việc | C4: Đơn vị tính | D4: Số lượng | E4: Đơn giá (VNĐ) | F4: Thành tiền (VNĐ) | G4: Ghi chú
A5: 1 | B5: Số hoá tạo lập cơ sở dữ liệu tài liệu khổ A4 | C5: Trang A4 | D5: =20000*30 -> 600000 | E5: 5076 | F5: =D5*E5 -> 3045600000 | G5: Căn cứ QĐ 1186 của UBND tỉnh Khánh Hoà
A6: 2 | B6: Số hoá tạo lập cơ sở dữ liệu tài liệu khổ A3 | C6: Trang A3 | D6: =900*30 -> 27000 | E6: 9660 | F6: =D6*E6 -> 260820000 | G6: Căn cứ QĐ 1186 của UBND tỉnh Khánh Hoà
A7: 3 | B7: Số hoá tạo lập cơ sở dữ liệu tài liệu khổ A0 | C7: Trang A0 | D7: =700*30 -> 21000 | E7: 73829 | F7: =D7*E7 -> 1550409000 | G7: Căn cứ QĐ 1186 của UBND tỉnh Khánh Hoà
B8: Tổng cộng (Chưa VAT) | F8: =SUM(F5:F7) -> 4856829000
F12: ='Dự toán đầu tư chi tiết'!G28 -> 0

Sheet Chi phí tạo lập dự liệu
A1: BẢNG 3: CHI PHÍ TẠO LẬP CƠ SỞ DỮ LIỆU
A2: (Kèm theo Báo cáo số: /BC-BQLDA ngày tháng 5 năm 2026 của Ban QLDADTXD)
B4: Công việc thực hiện | C4: THÀNH PHẦN HAO PHÍ | D4: ĐƠN VỊ | E4: ĐỊNH MỨC | H4: Xác định | I4: Khối lượng | J4: Đơn giá | K4: Thành tiền | L4: Ghi chú
E5: Mức 1 | F5: Mức 2 | G5: Mức 3 | H5: Định mức
B6: NHẬP DỮ LIỆU CÓ CẤU TRÚC (02.10.04.02.01) | C6: Đơn vị tính: 01 trường | H6: Mức 3 | I6: 46.256 | K6: 81,187,873 | L6: • Trường dữ liệu < 15 ký tự áp dụng Mức 1;
L7: • Trường dữ liệu: từ 16 đến 50 ký tự áp dụng Mức 2;
L8: • Trường dữ liệu > 50 ký tự áp dụng Mức 3.
C9: Lao động: | D9: Nhóm công | E9: 0.0024 | F9: 0.00307 | G9: 0.00384 | H9: 0.00384 | I9: 46.256 | J9: 449.631 | K9: 79,864,825 | L9: Ước tính
C10: Nhóm 01 KS1
C11: Thiết bị: | D11: Ca | E11: 0.00225 | F11: 0.003 | G11: 0.00348 | H11: 0.00348 | I11: 46.256 | J11: 8.219 | K11: 1,323,048
C12: Máy tính để bàn công suất 0,4kW/h
B13: CHUẨN HÓA DỮ LIỆU | C13: Đơn vị tính: 01 file tài liệu | H13: Mức 3 | I13: 25 | K13: 661.785
B14: (02.10.05.02.01)
B15: Chuẩn hóa dữ liệu thu thập được (từ khóa, từ chuẩn, tên tệp, ...) | C15: Lao động: | D15: Nhóm công | E15: 0.04 | F15: 0.05 | G15: 0.058 | H15: 0.058 | I15: 25 | J15: 449.631 | K15: 651.965 | L15: - Số bảng mô tả dữ liệu >8: 40 điểm (17 bảng dữ liệu ứng với 17 file dữ liệu)
C16: Nhóm 01 KS1 | L16: - Độ chính xác của dữ liệu: Sai số theo quy định: 40 điểm
B17: + Thành phần công việc
B18: o Nghiên cứu tài liệu hướng dẫn chuẩn hóa và chuyển đổi dữ liệu. | L18: Tổng điểm:80 điểm
B20: o Thực hiện chuẩn hóa từ ngữ, tên tệp, định dạng văn bản,... theo tài liệu hướng dẫn | L20: Xác định mức độ phức tạp: Mức 3 (>= 80 điểm)
C21: Thiết bị: | D21: Ca | E21: 0.03 | F21: 0.04 | G21: 0.0464 | H21: 0.0464 | I21: 25 | J21: 8.219 | K21: 9.534
B22: + Sản phẩm: Dữ liệu được chuẩn hóa. | C22: Máy tính để bàn công suất 0,4kW/h
C23: Thiết bị khác: | D23: % | E23: 3 | F23: 3 | G23: 3 | H23: 3 | K23: 286
B24: CHUYỂN ĐỔI CẤU TRÚC DỮ LIỆU | C24: Đơn vị tính: 01 bảng mô tả dữ liệu | H24: Mức 1 | I24: 25 | K24: 197,098,223
B25: (02.10.05.03.03)
B26: Là chuyển đổi dữ liệu từ cấu trúc dữ liệu này sang cấu trúc dữ liệu khác (Chuyển đổi dữ liệu đã tồn tại từ mô hình dữ liệu này sang mô hình dữ liệu khác) theo những quy luật đảm bảo không làm mất thông tin dữ liệu | C26: Lao động: | D26: Nhóm công | E26: 15 | F26: 18.75 | G26: 21.75 | H26: 15 | I26: 25 | J26: 509.198 | K26: 190,949,250 | L26: - Số lượng đối tượng phụ cần quản lý (được xác định bởi các khóa ngoại trong CSDL) có trong bảng mô tả dữ liệu từ 0 đến 2: 20 điểm
C27: Nhóm 02 KS2 | L27: - Độ chính xác của dữ liệu: Sai số theo quy định: 40 điểm
C28: Thiết bị: | D28: Ca | E28: 28.5 | F28: 38 | G28: 44.08 | H28: 28.5 | I28: 25 | J28: 8.219 | K28: 5,856,164 | L28: Tổng điểm: 60 điểm
C29: Máy tính để bàn công suất 0,4kW/h | L29: Xác định mức độ phức tạp: Mức 1 (<= 60 điểm)
C30: Thiết bị khác: | D30: % | E30: 5 | F30: 5 | G30: 5 | H30: 5 | K30: 292.808
B31: KIỂM TRA DỮ LIỆU | D31: % | E31: 5 | F31: 10 | G31: 15 | H31: 10 | K31: 27,894,788 | L31: - Số bảng mô tả dữ liệu >8: 20 điểm
L32: - Độ chính xác của dữ liệu: Sai số theo quy định: 20 điểm
B33: ĐÃ TẠO LẬP | L33: - Ngôn ngữ khác (Tiếng Việt): 15 điểm
L34: Tổng điểm: 55 điểm
L35: Xác định mức độ phức tạp: Mức 2 ( từ 55 đến 85 điểm)
B36: Thành tiền trước thuế | K36: =K31+K24+K13+K6 -> 3.0618155e+08
B37: Thuế GTGT (8%) | K37: =K36*8% -> 24494524
B38: Tổng cộng | K38: =SUM(K36:K37) -> 3.3067607e+08

Sheet Biểu phí TĐG
A1: STT | B1: Giá trị tài sản thẩm định TỪ (triệu đồng) | C1: Giá trị tài sản thẩm định ĐẾN (triệu đồng) | D1: Mức phí thẩm định / Tỷ lệ thu phí
A2: 1 | B2: 0 | C2: 50000000 | D2: 1500000
A3: 2 | B3: 50000000 | C3: 150000000 | D3: 2000000
A4: 3 | B4: 150000000 | C4: 500000000 | D4: 0.012
A5: 4 | B5: 500000000 | C5: 1000000000 | D5: 0.011
A6: 5 | B6: 1000000000 | C6: 2000000000 | D6: 0.01
A7: 6 | B7: 2000000000 | C7: 3000000000 | D7: 0.0095
A8: 7 | B8: 3000000000 | C8: 5000000000 | D8: 0.009
A9: 8 | B9: 5000000000 | C9: 7000000000 | D9: 0.0085
A10: 9 | B10: 7000000000 | C10: 10000000000 | D10: 0.008
A11: 10 | B11: 10000000000 | C11: 20000000000 | D11: 0.0075
A12: 11 | B12: 20000000000 | D12: 0.007
B15: Giá trị đầu tư (đã bao VAT) | C15: ='Dự toán đầu tư chi tiết'!G5 -> 7.7533184e+09
B16: Tỷ lệ chi phí thẩm định giá | C16: =IF(C15<=150000000,VLOOKUP(C15,$B$2:$D$3,3,TRUE),VLOOKUP(C15,$B$4:$D$12,3,TRUE)*C15) -> 62026547
B17: Hệ số số lượng tài sản | C17: 1
B18: Chi phí thẩm định | C18: =C16*C17+(C16*C17)*3% -> 63887344
