Workbook
Name \0: '[1]PNT-QUOT-#3'!#REF!
Name \d: '[2]??-BLDG'!#REF!
Name \e: '[2]??-BLDG'!#REF!
Name \f: '[2]??-BLDG'!#REF!
Name \g: '[2]??-BLDG'!#REF!
Name \h: '[2]??-BLDG'!#REF!
Name \i: '[2]??-BLDG'!#REF!
Name \j: '[2]??-BLDG'!#REF!
Name \k: '[2]??-BLDG'!#REF!
Name \l: '[2]??-BLDG'!#REF!
Name \m: '[2]??-BLDG'!#REF!
Name \n: '[2]??-BLDG'!#REF!
Name \o: '[2]??-BLDG'!#REF!
Name \z: '[1]COAT&WRAP-QIOT-#3'!#REF!
Name ______lan2: #REF!
Name ______lan3: #REF!
Name _____lan2: #REF!
Name _____lan3: #REF!
Name ____atn1: #REF!
Name ____atn10: #REF!
Name ____atn3: #REF!
Name ____atn4: #REF!
Name ____atn5: #REF!
Name ____atn6: #REF!
Name ____atn7: #REF!
Name ____atn8: #REF!
Name ____atn9: #REF!
Name ____bac1: #REF!
Name ____bac2: #REF!
Name ____CON1: #REF!
Name ____CON2: #REF!
Name ____deo1: #REF!
Name ____deo10: #REF!
Name ____deo2: #REF!
Name ____deo3: #REF!
Name ____deo4: #REF!
Name ____deo7: #REF!
Name ____deo8: #REF!
Name ____deo9: #REF!
Name ____lan2: #REF!
Name ____NET2: #REF!
Name ____NPV11: #REF!
Name ____tp2: #REF!
Name ___atn1: #REF!
Name ___atn1: #REF!
Name ___atn10: #REF!
Name ___atn10: #REF!
Name ___atn2: #REF!
Name ___atn2: #REF!
Name ___atn3: #REF!
Name ___atn3: #REF!
Name ___atn4: #REF!
Name ___atn4: #REF!
Name ___atn5: #REF!
Name ___atn5: #REF!
Name ___atn6: #REF!
Name ___atn6: #REF!
Name ___atn7: #REF!
Name ___atn7: #REF!
Name ___atn8: #REF!

Sheet TongHopDuToan
A2: BẢNG TỔNG HỢP DỰ TOÁN
A3: Thuê phần mềm và đầu tư thiết bị Phòng họp không giấy tờ cho UBND xã Bắc Ninh Hòa
A4: Đơn vị tính: VNĐ
A5: TT | B5: Nội dung | C5: Ký hiệu | D5: Công thức | E5: Giá trị trước thuế | F5: Thuế GTGT | G5: Giá trị sau thuế | H5: Ghi chú
A6: A | B6: CHI PHÍ MUA SẮM THIẾT BỊ VÀ THUÊ PHẦN MỀM | C6: Gtb | E6: =SUM(E7:E8) -> 884228056 | F6: =SUM(F7:F8) -> 70738244 | G6: =SUM(G7:G8) -> 9.549663e+08
A7: 1 | B7: Chi phí thiết bị | D7: Theo báo giá | E7: =718672500 -> 718672500 | F7: =E7*8% -> 57493800 | G7: =E7+F7 -> 776166300 | H7: Chi tiết tại báo giá
A8: 2 | B8: Chi phí thuê phần mềm | D8: Theo báo giá | E8: 165555556 | F8: =E8*8% -> 13244444 | G8: =E8+F8 -> 1.788e+08 | H8: Chi tiết tại báo giá
A9: B | B9: CHI PHÍ QUẢN LÝ | C9: Gql | D9: GQLDA1 | E9: =SUM(E10:E10) -> 16402430 | F9: =E9*0.08 -> 1312194.4 | G9: =E9+F9 -> 17714625 | H9: QĐ 1688/QĐ-BTTTT
A10: 1 | B10: Chi phí quản lý hạng mục Phần mềm nội bộ | C10: GQLDA1 | D10: 1,855%*Gtb | E10: =E6*1.855% -> 16402430 | F10: =E10*0.08 -> 1312194.4 | G10: =E10+F10 -> 17714625
A11: C | B11: CHI PHÍ TƯ VẤN | C11: Gtv | D11: GTV1+GTV2+GTV3+Gtv4+Gtv5+Gtv6 | E11: =SUM(E12:E17) -> 49185901 | F11: =SUM(F12:F17) -> 3934872.1 | G11: =SUM(E11:F11) -> 53120773 | H11: QĐ 1688/QĐ-BTTTT
A12: _ | B12: Chi phí tư vấn lập Đề cương và dự toán chi tiết | C12: Gtv1 | D12: 3,640%*Gtb | E12: =IF((0.0364*E6)<5000000,5000000,0.0364*E6) -> 32185901 | F12: =E12*8% -> 2574872.1 | G12: =SUM(E12:F12) -> 34760773 | H12: Mục b, Bảng số 2, QĐ số 1688/QĐ-BTTTT, tối thiểu 5,000,000 đồng (chưa VAT)
A13: 2 | B13: Chi phí thẩm tra Đề cương và dự toán chi tiết | C13: Gtv2 | D13: 70%*(0,095%*Gtb) + 70%*(0,085%*Gtb) + 40%*(0,126%*Gtb) | E13: =IF(((0.00095*E6*0.7)+(0.00085*E6*0.7)+(0.00126*E6*0.4)<2000000),2000000,((0.00095*E6*0.7)+(0.00085*E6*0.7)+(0.00126*E6*0.4))) -> 2000000 | F13: =E13*0.08 -> 160000 | G13: =SUM(E13:F13) -> 2160000 | H13: Mục 4.1.5, QĐ số 1688/QĐ-BTTTT
A14: 3 | B14: Chi phí lập Hồ sơ mời thầu | C14: Gtv3 | D14: 0,405%*40%*Gtb | E14: =IF((0.405%*40%*$E$6)<5000000,5000000,0.405%*40%*$E$6) -> 5000000 | F14: =E14*0.08 -> 400000 | G14: =E14+F14 -> 5400000 | H14: Mục b, Bảng số 8, QĐ số 1688/QĐ-BTTTT, tối thiểu 5,000,000 đồng (chưa VAT)
A15: 4 | B15: Chi phí đánh giá Hồ sơ dự thầu | C15: Gtv4 | D15: 0,405%*60%*Gtb | E15: =IF((0.405%*60%*$E$6)<5000000,5000000,0.405%*60%*$E$6) -> 5000000 | F15: =E15*0.08 -> 400000 | G15: =E15+F15 -> 5400000 | H15: Mục b, Bảng số 8, QĐ số 1688/QĐ-BTTTT, tối thiểu 5,000,000 đồng (chưa VAT)
A16: 5 | B16: Chi phí thẩm định hồ sơ mời thầu | C16: Gtv5 | D16: 0,1%*Gtb | E16: =IF((0.001*$E$6)<2000000,2000000,0.001*$E$6) -> 2000000 | F16: =E16*0.08 -> 160000 | G16: =E16+F16 -> 2160000 | H16: Điểm d, Khoản 4, Điều 12, NĐ 24/2024/NĐ-CP tối thiểu là 2,000,000 đồng và tối đa là 60,000,000 đồng
A17: 6 | B17: Chi phí thẩm định kết quả lựa chọn nhà thầu | C17: Gtv6 | D17: 0,1%*Gtb | E17: =IF((0.001*$E$6)<3000000,3000000,0.001*$E$6) -> 3000000 | F17: =E17*0.08 -> 240000 | G17: =SUM(E17:F17) -> 3240000 | H17: Khoản 6, Điều 12, NĐ 24/2024/NĐ-CP tối thiểu là 3,000,000 đồng và tối đa là 60,000,000 đồng
A18: D | B18: CHI PHÍ KHÁC | C18: Gk | D18: GK1+GK2+GK3 | E18: 330000 | F18: 0 | G18: =SUM(E18:F18) -> 330000
A19: 1 | B19: Chi phí đăng thông báo mời thầu | C19: Gk3 | E19: 330000 | F19: 0 | G19: =E19+F19 -> 330000 | H19: Điểm a, khoản 2, Điều 5, Thông tư 06/2021/TT-BKHĐT
A20: TỔNG CỘNG | E20: =E6+E9+E11+E18 -> 9.5014639e+08 | F20: =F6+F9+F11+F18 -> 75985311 | G20: =SUM(G6+G9+G11+G18) -> 1.0261317e+09
A21: TỔNG DỰ TOÁN (làm tròn) | G21: =ROUNDUP(G20,-6) -> 1027000000

Sheet Luong-H
B2: BẢNG 6: MỨC LƯƠNG LAO ĐỘNG BÌNH QUÂN
B3: (Đơn vị tính: VNĐ)
B4: STT | C4: Nhân viên | D4: Mức lương (giờ/người) | E4: Ghi chú
B5: 1 | C5: NV1 | D5: =bangluong!$C$17 -> 50939 | E5: Mức lương trả cho nhân viên bậc 1
B6: 2 | C6: NV2 | D6: =bangluong!$C$17 -> 50939 | E6: Mức lương trả cho nhân viên bậc 1
B7: 3 | C7: NV3 | D7: =bangluong!$C$17 -> 50939 | E7: Mức lương trả cho nhân viên bậc 1
B8: 4 | C8: NV4 | D8: =bangluong!$D$17 -> 57687 | E8: Mức lương trả cho nhân viên bậc 2
B9: 5 | C9: NV5 | D9: =bangluong!$D$17 -> 57687 | E9: Mức lương trả cho nhân viên bậc 2
B10: 6 | C10: NV6 | D10: =bangluong!$D$17 -> 57687 | E10: Mức lương trả cho nhân viên bậc 2
B11: 7 | C11: NV7 | D11: =bangluong!$D$17 -> 57687 | E11: Mức lương trả cho nhân viên bậc 2
B12: 8 | C12: NV8 | D12: =bangluong!E17 -> 64436 | E12: Mức lương trả cho nhân viên bậc 3
B13: 9 | C13: NV9 | D13: =bangluong!E17 -> 64436 | E13: Mức lương trả cho nhân viên bậc 3
B14: 10 | C14: NV10 | D14: =bangluong!E17 -> 64436 | E14: Mức lương trả cho nhân viên bậc 3
B15: Mức lương trung bình | D15: =AVERAGE(D5:D14) -> 57687.3
D18: Theo QĐ 129/QĐ-BTTTT

Sheet bangluong
A2: BẢNG LƯƠNG NHÂN CÔNG KỸ SƯ CNTT
K3: Đơn vị tính: đồng
A4: TT | B4: Tiêu chí xác định | K4: Ghi chú
A5: 1 | B5: Cấp bậc kỹ sư CNTT | C5: KS-B1 | D5: KS-B2 | E5: KS-B3 | F5: KS-B4 | G5: KS-B5 | H5: KS-B6 | I5: KS-B7 | J5: KS-B8
A6: 2 | B6: Hệ số lương (HCB) | C6: 2.34 | D6: 2.65 | E6: 2.96 | F6: 3.27 | G6: 3.58 | H6: 3.89 | I6: 4.2 | J6: 4.51 | K6: Quyết định 129/QĐ-BTTTT ngày 3/2/2021 của Bộ TTTT
A7: 3 | B7: Hệ số phụ cấp (HPC) | C7: =$C$19 -> 0 | D7: =$C$19 -> 0 | E7: =$C$19 -> 0 | F7: =$C$19 -> 0 | G7: =$C$19 -> 0 | H7: =$C$19 -> 0 | I7: =$C$19 -> 0 | J7: =$C$19 -> 0 | K7: Theo quy định của pháp luật lao động và các văn bản có liên quan
A8: 4 | B8: Mức lương cơ sở (MLcs) | C8: 2340000 | D8: 2340000 | E8: 2340000 | F8: 2340000 | G8: 2340000 | H8: 2340000 | I8: 2340000 | J8: 2340000 | K8: Nghị định 24/2023/NĐ-CP ngày 14/5/2023 của Chính phủ
A9: 5 | B9: Mức lương cơ bản (MLcb) | C9: =(C6+C7)*C8 -> 5475600 | D9: =(D6+D7)*D8 -> 6201000 | E9: =(E6+E7)*E8 -> 6926400 | F9: =(F6+F7)*F8 -> 7651800 | G9: =(G6+G7)*G8 -> 8377200 | H9: =(H6+H7)*H8 -> 9102600 | I9: =(I6+I7)*I8 -> 9828000 | J9: =(J6+J7)*J8 -> 10553400
A10: 6 | B10: Hệ số điều chỉnh tăng thêm tiền lương (HĐC) | C10: 0.7 | D10: 0.7 | E10: 0.7 | F10: 0.7 | G10: 0.7 | H10: 0.7 | I10: 0.7 | J10: 0.7 | K10: Khánh Hoà Thuộc vùng II (Nghị định số 293/2025/NĐ-CP ngày 10/11/2025 quy định mức lương tối thiểu đối với người lao động làm việc theo hợp đồng lao động và Nghị định số 128/2025/NĐ-CP ngày 11/6/2025 quy định về phân quyền, phân cấp trong quản lý nhà nước lĩnh vực nội vụ); Quyết định số 24/2026/QĐ-UBND ngày 17/3/2026 của UBND tỉnh Khánh Hoà về việc quy định Hệ số điều chỉnh tăng thêm tiền lương để làm cơ sở, xác định chi phí tiền lương, chi phí nhân công trong giá, đơn giá sản phẩm. dịch vụ công sử dụng kinh phí ngân sách nhà nước do doanh nghiệp thực hiện trên địa bàn tỉnh Khánh Hoà.
A11: 7 | B11: Lương cơ bản, phụ cấp (LCB,PC) LCB,PC = (HCB+HPC) * MLcs * (1+HĐC) | C11: =(C6+C7)*C8*(1+C10) -> 9308520 | D11: =(D6+D7)*D8*(1+D10) -> 10541700 | E11: =(E6+E7)*E8*(1+E10) -> 11774880 | F11: =(F6+F7)*F8*(1+F10) -> 13008060 | G11: =(G6+G7)*G8*(1+G10) -> 14241240 | H11: =(H6+H7)*H8*(1+H10) -> 15474420 | I11: =(I6+I7)*I8*(1+I10) -> 16707600 | J11: =(J6+J7)*J8*(1+J10) -> 17940780
A12: 8 | B12: Tỷ lệ bảo hiểm xã hội, bảo hiểm y tế, bảo hiểm thất nghiệp, tai nạn lao động, bệnh nghề nghiệp; công đoàn phí (%BHLĐ) | C12: =SUM($C$24:$C$27) -> 0.235 | D12: =SUM($C$24:$C$27) -> 0.235 | E12: =SUM($C$24:$C$27) -> 0.235 | F12: =SUM($C$24:$C$27) -> 0.235 | G12: =SUM($C$24:$C$27) -> 0.235 | H12: =SUM($C$24:$C$27) -> 0.235 | I12: =SUM($C$24:$C$27) -> 0.235 | J12: =SUM($C$24:$C$27) -> 0.235 | K12: Văn bản hợp nhất số 2525/VBHN-BHXH ngày 15/8/2023 và Quyết định số 1408/QĐ-TLĐ ngày 01/8/2024 Tổng cộng 23,5%, trong đó: - Bảo hiểm xã hội 17% - Bảo hiểm y tế 3% - Bảo hiểm thất nghiệp 1% - Bảo hiểm tai nạn lao động, bệnh nghề nghiệp 0,5% - Chi phí công đoàn 2%
A13: 9 | B13: Tiền lương tháng đóng BHXH bắt buộc | C13: =IF($C$30<C9,C9,($C$30)) -> 5475600 | D13: =IF($C$30<D9,D9,($C$30)) -> 6201000 | E13: =IF($C$30<E9,E9,($C$30)) -> 6926400 | F13: =IF($C$30<F9,F9,($C$30)) -> 7651800 | G13: =IF($C$30<G9,G9,($C$30)) -> 8377200 | H13: =IF($C$30<H9,H9,($C$30)) -> 9102600 | I13: =IF($C$30<I9,I9,($C$30)) -> 9828000 | J13: =IF($C$30<J9,J9,($C$30)) -> 10553400
A14: 10 | B14: Chi phí bảo hiểm xã hội, bảo hiểm y tế, bảo hiểm thất nghiệp, tai nạn lao động, bệnh nghề nghiệp; công đoàn phí (BHLĐ) BHLĐ = %BHLĐ*(LCB,PC+LĐC) | C14: =C13*C12 -> 1286766 | D14: =D13*D12 -> 1457235 | E14: =E13*E12 -> 1627704 | F14: =F13*F12 -> 1798173 | G14: =G13*G12 -> 1968642 | H14: =H13*H12 -> 2139111 | I14: =I13*I12 -> 2309580 | J14: =J13*J12 -> 2480049 | K14: Các khoản bảo hiểm mà đơn vị sử dụng lao động phải đóng
A15: 11 | B15: Mức lương lao động/Tháng (LT) LT = LCB,PC + LĐC + BHLĐ | C15: =C11+C14 -> 10595286 | D15: =D11+D14 -> 11998935 | E15: =E11+E14 -> 13402584 | F15: =F11+F14 -> 14806233 | G15: =G11+G14 -> 16209882 | H15: =H11+H14 -> 17613531 | I15: =I11+I14 -> 19017180 | J15: =J11+J14 -> 20420829 | K15: (HCB+HPC) x MLCS x (1+HĐC) + BHLĐ
A16: 12 | B16: Mức lương lao động/Ngày (LN) LN = LT/26 | C16: =ROUND(C15/26,0) -> 407511 | D16: =ROUND(D15/26,0) -> 461498 | E16: =ROUND(E15/26,0) -> 515484 | F16: =ROUND(F15/26,0) -> 569471 | G16: =ROUND(G15/26,0) -> 623457 | H16: =ROUND(H15/26,0) -> 677444 | I16: =ROUND(I15/26,0) -> 731430 | J16: =ROUND(J15/26,0) -> 785417 | K16: 1 tháng 26 ngày làm việc
A17: 13 | B17: Mức lương lao động/Giờ (H) H = LN/8 | C17: =ROUND(C16/8,0) -> 50939 | D17: =ROUND(D16/8,0) -> 57687 | E17: =ROUND(E16/8,0) -> 64436 | F17: =ROUND(F16/8,0) -> 71184 | G17: =ROUND(G16/8,0) -> 77932 | H17: =ROUND(H16/8,0) -> 84681 | I17: =ROUND(I16/8,0) -> 91429 | J17: =ROUND(J16/8,0) -> 98177 | K17: Thời gian lao động 08 giờ/ngày
B19: Hệ số phụ cấp (Hpc) | C19: 0
B21: Vùng | C21: I | D21: II | E21: III | F21: IV
B22: Hệ số điều chỉnh tăng thêm tiền lương (Hdc) | C22: 1.2 | D22: 0.9 | E22: 0.7 | F22: 0.5
B24: Bảo hiểm xã hội | C24: 0.175
B25: Bảo hiểm y tế | C25: 0.03
B26: Bảo hiểm thất nghiệp | C26: 0.01
B27: Kinh phí công đoàn | C27: 0.02
B29: Vùng | C29: I | D29: II | E29: III | F29: IV
B30: Mức lương tối thiểu vùng áp dụng đối với người lao động làm việc theo hợp đồng lao động (Từ ngày 01/7/2022) | C30: 4680000 | D30: 4160000 | E30: 3640000 | F30: 3250000
B32: Mức lương cơ sở (Từ ngày 01/7/2024) | C32: 2340000
B34: Ghi chú: - Lương cơ sở: Nghị định số 38/2019/NĐ-CP ngày 9/5/2019 quy định mức lương cơ sở đối với cán bộ, công chức, viên chức và lực lượng vũ trang - Lương tối thiểu vùng: Nghị định số 38/2022/NĐ-CP ngày 12/6/2022 quy định mức lương tối thiểu đối với người lao động làm việc theo hợp đồng lao động. - Các chi phí bảo hiểm: Quyết định 595/QĐ-BHXH ngày 14/4/2017 của BHXHVN ban hành quy trình thu BHXH,, BHYT, BHTN, BHTN lao động-bệnh nghề nghiệp, quản lý số BHXH, thẻ BHYT - Chi phí công đoàn: Nghị định 191/2013/NĐ-CP ngày 21/11/2013 quy định chi tiết về tài chính công đoàn - Quyết định số 129/QĐ-BTTTT ngày 03/02/2021 ban hành hướng dẫn xác định đơn giá nhân công trong quản lý chi phí đầu tư ứng dụng CNTT
